station_name_cleaned,num_trips
1 Ave & E 110 St,64264
1 Ave & E 15 St,154638
1 Ave & E 16 St,386025
1 Ave & E 18 St,387438
1 Ave & E 30 St,356339
1 Ave & E 39 St,86402
1 Ave & E 44 St,238349
1 Ave & E 5 St,51459
1 Ave & E 6 St,54235
1 Ave & E 62 St,296072
1 Ave & E 68 St,474062
1 Ave & E 78 St,302967
1 Ave & E 94 St,95664
1 Pl & Clinton St,46457
1 St & 6 Ave,8639
10 Ave & W 14 St,66583
10 Ave & W 202 St,1134
10 Ave & W 204 St,771
10 Ave & W 207 St,2507
10 Ave & W 215 St,1101
10 Ave & W 28 St,262932
10 Hudson Yards,12541
10 St & 2 Ave,11603
10 St & 5 Ave,39811
10 St & 7 Ave,61917
11 Ave & Prospect Ave,6665
11 Ave & W 27 St,420564
11 Ave & W 41 St,425998
11 Ave & W 59 St,324742
11 St & 35 Ave,4521
11 St & 43 Ave,13058
12 Ave & 36 St,2708
12 Ave & W 125 St,59530
12 Ave & W 40 St,642836
12 St & 4 Ave,27906
14 St & 5 Ave,62555
14 St & 7 Ave,58779
16th St & 4th Ave,4262
17 St & 5 Ave,11041
18 St & 27 Ave,6709
19 St & 24 Ave,30394
19 St & 8 Ave,1628
2 Av & 37 St,896
2 Ave  & E 104 St,8058
2 Ave & 29 St,257
2 Ave & 32 St,1525
2 Ave & 36 St,13364
2 Ave & 36 St - Citi Bike HQ at Industry City,16216
2 Ave & 9 St,10259
2 Ave & E 104 St,57924
2 Ave & E 105 St,1
2 Ave & E 122 St,26216
2 Ave & E 125 St,17114
2 Ave & E 29 St,58855
2 Ave & E 31 St,435649
2 Ave & E 55 St,37670
2 Ave & E 58 St,60746
2 Ave & E 72 St,133724
2 Ave & E 96 St,136571
2 Ave & E 99 St,48616
20 Ave & 21 St,1646
20 Ave & 33 St,1989
20 Ave & 38 St,5806
20 Ave & 42 St,1420
20 Ave & 48 St,1094
20 Ave & Shore Blvd,1137
21 Ave & 80 St,961
21 Ave & Crescent St,5923
21 Ave & Shore Blvd,2715
21 St & 21 Ave,4221
21 St & 23 Ave,3536
21 St & 31 Dr,30910
21 St & 36 Ave,12584
21 St & 38 Ave,8062
21 St & 4 Ave,5576
21 St & 41 Ave,3752
21 St & 43 Ave,21327
21 St & Hoyt Ave S,27823
21 St & Queens Plaza North,41977
23 Ave & 27 St,15700
23 Rd & 29 St,1588
23 Rd & 31 St,223
23 St & 3 Ave,1373
24 Ave & 26 St,20757
24 Ave & 29 St,21401
24 St & 38 Ave,4586
24 St & 41 Ave,29284
24 St & 41 Ave (original),219
24 St & 5 Ave,5592
25 Ave & 41 St,6300
27 Ave & 3 St,7780
27 Ave & 4 St,2403
27 Ave & 9 St,17869
27 St & Hunter St,44223
28 Ave & 35 St,31253
28 Ave & 44 St,19202
28 St & 36 Ave,22772
28 St & 38 Ave,9873
28 St & 40 Ave,2288
28 St & 41 Ave,46430
29 St & 5 Ave,1626
3 Ave & 14 St,29971
3 Ave & 17 St,1945
3 Ave & Carroll St,16216
3 Ave & E 100 St,29152
3 Ave & E 112 St,26654
3 Ave & E 163 St,4064
3 Ave & E 169 St,3695
3 Ave & E 170 St,3359
3 Ave & E 172 St,2263
3 Ave & E 174 St,601
3 Ave & E 174 St - Bathgate Vaccination Site,3148
3 Ave & E 62 St,154904
3 Ave & E 71 St,75837
3 Ave & E 72 St,70890
3 Ave & E 95 St,14115
3 Ave & Franklin Ave,2748
3 Ave & Schermerhorn St,88508
3 Ave & Wakeman Pl,2089
3 St & 3 Ave,64704
3 St & 7 Ave,78648
3 St & Hoyt St,32570
3 St & Prospect Park West,115474
30 Ave & 21 St,17556
30 Ave & 41 St,6919
30 Ave & 47 St,3895
30 St & 4 Ave,3395
31 Ave & 14 St,17963
31 Ave & 30 St,32857
31 Ave & 34 St,47782
31 Ave & 57 St,2599
31 Ave & 61 St,1644
31 Ave & Crescent St,33273
31 Ave & Steinway St,38238
31 Ave & Steinway St (temp),120
31 Rd & 21 St,2388
31 St & 21 Ave,4731
31 St & 23 Ave,63934
31 St & 35 Ave,5703
31 St & Astoria Blvd,37872
31 St & Broadway,66503
31 St & Ditmars Blvd,12323
31 St & Hoyt Ave N,22380
31 St & Newtown Ave,55040
31 St & Northern Blvd,21135
31 St & Thomson Ave,28632
32 St & 30 Ave,8168
333 Johnson TEST 1,1
34 Ave & 13 St,10820
34 Ave & 21 St,16426
34 Ave & 31 St,6236
34 Ave & 38 St,50892
34 Ave & 45 St,3413
34 Ave & 48 St,4645
34 St & 35 Ave,25086
34 St & 38 Ave,4211
34 St & 4 Ave,2624
34 St & 5 Ave,1379
34th Ave & Vernon Blvd,6129
35 Ave & 10 St,15375
35 Ave & 37 St,27835
35 St & 21 Ave,2189
35 St & 23 Ave,4573
35 St & 30 Ave,11379
35 St & 34 Ave,22398
35 St & Broadway,31285
36 Ave & 10 St,24603
36 Ave & 31 St,29202
36 St & 3 Ave,5232
36 St & 4 Ave,4819
36 St & Ditmars Blvd,5635
37 Ave & 35 St,18589
37 St & 24 Ave,17019
38 Ave & 29 St,14703
38 St & 30 Ave,12698
38 St & Northern Blvd,2995
39 St & 2 Ave,8652
39 St & 2 Ave - Citi Bike HQ at Industry City,6438
3969.TEMP (Bike The Branches - Central Branch),9
4 Ave & 17 St,4859
4 Ave & 2 St,12345
4 Ave & 26 St,3205
4 Ave & 3 St,10861
4 Ave & 9 St,52875
4 Ave & E 12 St,86787
4 Ave & Shore Road Dr,2873
40 Ave & 9 St,15854
40 Ave & Crescent St,12736
41 St & 3 Ave,640
41 St & 4 Ave,3014
42 Pl & Northern Blvd,3065
42 St & 1 Ave,1362
43 St & 23 Ave,2163
43 St & 35 Ave,2031
43 St & 37 Ave,7297
43 St & Broadway,35119
44 Dr & 21 St,45293
44 Dr & Jackson Ave,93076
44 St & 2 Ave,1201
44 St & 3 Ave,1245
44 St & 6 Ave,2449
4455.10,10
45 Ave & 21 St,2949
45 Rd & 11 St,72868
45 St & 4 Ave,3175
46 Ave & 5 St,115312
46 St & 25 Ave,3396
46 St & 28 Ave,3056
46 St & 30 Rd,2428
46 St & 6 Ave,1742
46 St & 7 Ave,3761
47 Ave & 31 St,30761
47 Ave & Skillman Ave,5398
47 St & 3 Ave,931
48 Ave & 30 Pl,11097
48 Ave & 31 St,292
48 Ave & 5 St,38094
48 St & 2 Ave,768
48 St & 37 Ave,6886
48 St & 5 Ave,2122
48 St & Broadway,6416
49 Ave & 21 St,20298
49 St & 25 Ave,986
49 St & 31 Ave,3191
5 Av & W 139 St,15914
5 Ave & 3 St,95022
5 Ave & 37 St,2583
5 Ave & 41 St,5301
5 Ave & 66 St,2316
5 Ave & 67 St,49
5 Ave & E 103 St,129894
5 Ave & E 126 St,25711
5 Ave & E 135 St,11993
5 Ave & E 29 St,395402
5 Ave & E 63 St,138695
5 Ave & E 72 St,81850
5 Ave & E 73 St,253911
5 Ave & E 78 St,247155
5 Ave & E 87 St,22589
5 Ave & E 88 St,218896
5 Ave & E 93 St,122180
5 Ave & W 126 St,7240
5 Ave & W 131 St,14104
5 St & 51 Ave,17751
5 St & 6 Ave,35600
5 St & Market St,7278
50 St & 30 Ave,3555
50 St & Northern Blvd,3769
51 St &  Hobart St,159
51 St & Hobart St,1737
52 St & 1 Ave,1037
52 St & 6 Ave,846
53 St & 2 Ave,2399
53 St & 4 Ave,4386
53 St & 5 Ave,1682
55 St & 5 Ave,1362
55 St & 7 Ave,2989
57 St & 1 Ave - Brooklyn Army Terminal Vaccination Site,2712
57 St & 4 Ave,2097
58 St & 2 Ave - Brooklyn Army Terminal Vaccination Site,2622
58 St & 32 Ave,1178
58 St & Pier 4,276
58th St Depot,6
59 St & 4 Ave,2712
59 St & 5 Ave,1244
6 Ave & 12 St,42669
6 Ave & 21 St,9478
6 Ave & 55 St,1108
6 Ave & 60 St,1740
6 Ave & 9 St,66612
6 Ave & Broome St,235326
6 Ave & Canal St,269234
6 Ave & Spring St,58525
6 Ave & W 33 St,557746
6 Ave & W 34 St,153190
6 Ave & W 45 St,57285
6 St & 7 Ave,53043
62 St & 4 Ave,586
62 St & Northern Blvd,6494
63 St & 5 Ave,1078
64 St & 3 Ave,446
65 St & 2 Ave,544
67 St & Erik Pl,1866
67 St & Ridge Blvd,2645
7 Ave & 20 St,5302
7 Ave & 22 St,3136
7 Ave & 40 St,3919
7 Ave & 41 St,5152
7 Ave & Central Park South,195940
7 Ave & Farragut St,1426
7 Ave & Park Pl,89965
7 St & 3 Ave,33572
7 St & 5 Ave,45836
76 St & 21 Ave,1064
78 St & 2 Ave,680
8 Ave & W 16 St,136042
8 Ave & W 27 St,29127
8 Ave & W 31 St,742755
8 Ave & W 31 St N,7804
8 Ave & W 33 St,670644
8 Ave & W 38 St,104865
8 Ave & W 49 St,28910
8 Ave & W 52 St,400577
8 St & Astoria Blvd,3391
8D Mobile 01,144
8D OPS 01,28
8D QC Station 01,19
9 Ave & W 14 St,87555
9 Ave & W 16 St,115798
9 Ave & W 18 St,270433
9 Ave & W 206 St,804
9 Ave & W 219 St,316
9 Ave & W 22 St,503672
9 Ave & W 28 St,168157
9 Ave & W 45 St,447745
9 St & 44 Rd,27664
Academy St & Nagle Ave,1189
Adam Clayton Powell Blvd & W 115 St,33831
Adam Clayton Powell Blvd & W 118 St,38808
Adam Clayton Powell Blvd & W 123 St,45787
Adam Clayton Powell Blvd & W 126 St,56170
Adam Clayton Powell Blvd & W 130 St,15798
Adam Clayton Powell Blvd & W 132 St,16704
Adam Clayton Powell Blvd & W 138 St,24249
Adam Clayton Powell Blvd & W 141 St,14894
Adam Clayton Powell Blvd & W 151 St,7019
Adams St & Prospect St,7200
Adelphi St & Myrtle Ave,131930
Adventures NYC,247
Albany Ave & Fulton St,22811
Albany St & Greenwich St,34939
Albemarle Rd & McDonald Ave,3060
Alexander Ave & E 134 St,5163
Allen St & E Houston St,98120
Allen St & Hester St,362460
Allen St & Rivington St,398772
Allen St & Stanton St,316601
Amsterdam Ave & W 119 St,40898
Amsterdam Ave & W 125 St,38403
Amsterdam Ave & W 131 St,6779
Amsterdam Ave & W 136 St,9033
Amsterdam Ave & W 152 St,5986
Amsterdam Ave & W 156 St,4552
Amsterdam Ave & W 162 St,5426
Amsterdam Ave & W 167 St,4805
Amsterdam Ave & W 172 St,4386
Amsterdam Ave & W 175 St,3937
Amsterdam Ave & W 180 St,3501
Amsterdam Ave & W 183 St,4588
Amsterdam Ave & W 186 St,1562
Amsterdam Ave & W 189 St,1764
Amsterdam Ave & W 66 St,95007
Amsterdam Ave & W 73 St,332710
Amsterdam Ave & W 79 St,158452
Amsterdam Ave & W 82 St,194896
Anderson Ave & W 164 St,1365
Andrew Ave N & Hall of Fame Tce,959
Andrews Ave S & W 179 St,1176
Anthony Ave & E 175 St,800
Anthony Ave & E Tremont Ave,1472
Apache,3
Aqueduct Ave & North St,831
Aqueduct Ave & W 190 St,909
Ashland Pl & Dekalb Ave,6913
Ashland Pl & Hanson Pl,32519
Astoria Park S & Shore Blvd,44686
Atlantic Ave & Fort Greene Pl,135284
Atlantic Ave & Furman St,177805
Audobon Ave & W 179 St,3778
Audubon Ave & Fort George Ave,1220
Audubon Ave & W 192 St,796
Ave D & E 8 St,16860
Avenue C & E 18 St,79789
Avenue D & E 10 St,31693
Avenue D & E 12 St,77268
Avenue D & E 3 St,183200
Avenue D & E 8 St,117678
Avenue D & E 8 St (home location),642
Bailey Ave & Sedgwick Ave,579
Bailey Ave & W 193 St,1432
Bainbridge Ave & Bedford Park Blvd,1433
Bainbridge Ave & E 193 St,846
Bainbridge Ave & E 196 St,813
Bainbridge Ave & E 198 St,695
Baltic St & 5 Ave,77172
Bank St & Hudson St,315259
Bank St & Washington St,258119
Banker St & Meserole Ave,83579
Barclay St & Church St,352289
Barrow St & Hudson St,465367
Barry St & Tiffany St,728
Battery Pl & Greenwich St,2156
Bay St & Court St,1897
Bayard St & Baxter St,284531
Bayard St & Leonard St,57471
Beaver St & Fayette St,21511
Beck St & Leggett Ave,2562
Bedford Ave & Bergen St,66334
Bedford Ave & Montgomery St,16185
Bedford Ave & Nassau Ave,169123
Bedford Ave & S 9 St,41086
Bedford Ave & S 9th St,4980
Bedford Park Blvd & Paul Ave,1250
Bergen Ave & E 152 St,3172
Bergen St & 4 Ave,17024
Bergen St & Flatbush Ave,80128
Bergen St & Smith St,165029
Bergen St & Vanderbilt Ave,79241
Berkeley Pl & 6 Ave,51197
Berkeley Pl & 7 Ave,96427
Berry St & N 8 St,169646
Bialystoker Pl & Delancey St,158257
Bike in Movie Night | Prospect Park Bandshell,24
Bike The Branches - Central Branch,154
Bike The Branches - Red Hook Branch,20
Bleecker St & Crosby St,32633
Bleecker St & Lafayette St,9
Boerum Pl	& Pacific St,138
Boerum Pl\t& Pacific St,16743
Boerum St & Broadway,50144
Bond St & Bergen St,62793
Bond St & Fulton St,121306
Bond St & Schermerhorn St,46285
Boone Ave & E 172 St,2196
Boston Rd & E 167 St,2362
Boston Rd & Prospect Ave,1928
Botanical Sq & Webster Ave,2342
Bradhurst Ave & W 148 St,14746
Bressler,309
Bridge St & Water St,10426
Bridge St & York St,2319
Broad St & Bridge St,118585
Broad St & Water St,2783
Broadway	& W 48 St,132
Broadway & 12 St,21471
Broadway & 49 St,1616
Broadway & 51 St,3816
Broadway & Battery Pl,328031
Broadway & Berry St,166170
Broadway & E 14 St,730818
Broadway & E 21 St,54283
Broadway & E 22 St,678845
Broadway & Ellwood St,3003
Broadway & Furman Ave,4480
Broadway & Hancock St,12468
Broadway & Kosciuszko St,18948
Broadway & Madison St,18265
Broadway & Morris St,307
Broadway & Moylan Pl,54017
Broadway & Roebling St,105365
Broadway & W 122 St,31232
Broadway & W 131 St,10136
Broadway & W 133 St,12705
Broadway & W 142 St,3159
Broadway & W 153 St,6199
Broadway & W 155 St,8534
Broadway & W 160 St,12363
Broadway & W 165 St,6401
Broadway & W 168 St,5951
Broadway & W 185 St,4122
Broadway & W 192 St,3646
Broadway & W 220 St,4042
Broadway & W 24 St,280284
Broadway & W 25 St,357770
Broadway & W 29 St,441764
Broadway & W 32 St,280088
Broadway & W 36 St,252488
Broadway & W 37 St,209034
Broadway & W 38 St,156361
Broadway & W 39 St,118129
Broadway & W 41 St,462953
Broadway & W 49 St,387190
Broadway & W 51 St,313946
Broadway & W 53 St,272304
Broadway & W 55 St,139467
Broadway & W 56 St,274465
Broadway & W 58 St,377816
Broadway & W 60 St,598750
Broadway & W 61 St,7797
Broadway & Whipple St,55023
Broadway\t& W 48 St,5545
Bronx Shore Comfort Station,4494
Brook Ave & E 138 St,6121
Brook Ave & E 141 St,2857
Brook Ave & E 148 St,4206
Brook Ave & E 157 St,3335
Brooklyn Bridge Park - Pier 2,85224
Bruckner Blvd & Bryant Ave,2835
Buchanan Pl & Grand Ave,558
Bulova Ave & Brooklyn Queens Expressway W,1859
Bus Slip & State St,174291
Bushwick Ave & Dekalb Ave,13209
Bushwick Ave & Forrest St,12639
Bushwick Ave & Furman Ave,4153
Bushwick Ave & Harman St,15495
Bushwick Ave & Linden St,11887
Bushwick Ave & McKibbin St,12849
Bushwick Ave & Powers St,64985
Bushwick Ave & Stagg St,9989
Butler St & Court St,47488
Cabrini Blvd & W 177 St,5091
Cadman Plaza E & Johnson St,24551
Cadman Plaza E & Red Cross Pl,133630
Cadman Plaza E & Tillary St,82896
Cadman Plaza W & Pierrepont St,7616
Cadman Plaza West & Montague St,80524
Calyer St & Guernsey St,2137
Calyer St & Jewel St,17106
Cambridge Pl & Gates Ave,55108
Canal St & Rutgers St,403879
Carlton Ave & Dean St,61312
Carlton Ave & Flushing Ave,74199
Carlton Ave & Park Ave,61958
Carmine St & 6 Ave,635182
Carroll St & 5 Ave,71695
Carroll St & 6 Ave,67593
Carroll St & Bond St,56172
Carroll St & Columbia St,52371
Carroll St & Franklin Ave,15008
Carroll St & Smith St,94190
Carroll St & Washington Ave,17657
Cathedral Pkwy & Broadway,136509
Catherine St & Monroe St,165466
Caton Ave & Argyle Rd,5346
Caton Ave & E 10 St,4101
Caton Ave & E 7 St,3266
Cauldwell Ave & E 158 St,1678
Cauldwell Ave & E 161 St,2509
Cedar Ave & W Fordham Rd,1766
Cedar St & Evergreen Ave,8272
Cedar St & Myrtle Ave,18735
Center Blvd & 48 Ave,43359
Center Blvd & 51 Ave,47974
Center Blvd & Borden Ave,15802
Center BlvdÂ & Borden Ave,1811
Central Ave & Covert St,6182
Central Ave & Decatur St,5980
Central Ave & Flushing Ave,15822
Central Ave & Himrod St,11182
Central Ave & Melrose St,10317
Central Ave & Starr Street,20089
Central Ave & Weirfield St,9961
Central Ave & Woodbine St,10532
Central Park North & Adam Clayton Powell Blvd,235323
Central Park S & 6 Ave,585307
Central Park W & W 103 St,37140
Central Park W & W 91 St,59327
Central Park W & W 96 St,144107
Central Park W & W 97 St,59834
Central Park West & W 100 St,85567
Central Park West & W 102 St,45117
Central Park West & W 68 St,314424
Central Park West & W 72 St,343913
Central Park West & W 76 St,210522
Central Park West & W 82 St,12419
Central Park West & W 85 St,262937
Central Park West & W 85 St (old),1478
Centre St & Chambers St,493193
Centre St & Seneca Ave,3979
Centre St & Worth St,208048
Charlotte St & Boston Rd,665
Cherry St,173006
Chester Ave & 12 Ave,1590
Christopher St & Greenwich St,624373
Church Ave & McDonald Ave,2202
Church Ave & Story St,1859
Church St & Leonard St,14098
Clark St & Henry St,196547
Classon Ave & St Marks Ave,57703
Clay Ave & Claremont Pkwy,2697
Clay Ave & E 173 St,2253
Clermont Ave & Lafayette Ave,82295
Clermont Ave & Park Ave,55760
Cleveland Pl & Spring St,650375
Cliff St & Fulton St,209489
Cliff St & Fulton St (Old),1608
Cliff St & Fulton St_1,14957
Clinton Ave & Flushing Ave,69478
Clinton Ave & Myrtle Ave,166711
Clinton St	& Cherry St,695
Clinton St & 4 Place,54122
Clinton St & Centre St,14456
Clinton St & Cherry St,7197
Clinton St & Grand St,333596
Clinton St & Joralemon St,147552
Clinton St & Newark St,13
Clinton St & Tillary St,84696
Clinton St & Union St,62629
Clinton St\t& Cherry St,23397
Coffey St & Conover St,33289
Coffey St & Ferris St,782
College Ave & E 170 St,1621
Columbia Heights & Cranberry St,72736
Columbia St & Degraw St,58342
Columbia St & Kane St,52919
Columbia St & Lorraine St,7581
Columbia St & Rivington St,159492
Columbia St & W 9 St,11729
Columbus Ave & W 103 St,32141
Columbus Ave & W 72 St,375365
Columbus Ave & W 95 St,183761
Commerce St & Van Brunt St,22630
Concord St & Bridge St,71484
Concourse Village East & E 158 St,3303
Concourse Village West & E 156 St,2469
Congress St & Clinton St,82288
Congress St & Hicks St,7099
Convent Ave & W 129 St,41
Convent Ave & W 135 St,7289
Convent Ave & W 151 St,3498
Cooper Square & Astor Pl,274669
Cooper Square & E 7 St,113138
Court St & Nelson St,47463
Court St & State St,133228
Courtlandt Ave & E 149 St,4898
Courtlandt Ave & E 157 St,2435
Crescent St & 30 Ave,38109
Crescent St & 34 Ave,28820
Crescent St & 35 Ave,20148
Crescent St & Broadway,47270
Crescent St & Ditmars Blvd,20245
Creston Ave & E 178 St,972
Creston Ave & E 181 St,1202
Crotona Park East & E 173 St,1284
Crotona Park North & Prospect Ave,3399
Crown St & Bedford Ave,3414
Cumberland St & Lafayette Ave,109012
Cypress Ave & George St,3023
Cypress Ave & Palmetto St,3432
Dahill Rd & 12 Ave,2981
Davidson Ave & W Burnside Ave,1810
Dawson St & Intervale Ave,1211
Dean St & 4 Ave,141668
Dean St & Franklin Ave,57028
Dean St & Hoyt St,55097
Decatur Ave & Bedford Park Blvd,1353
Decatur Ave & E 197 St,675
Decatur Ave & Oliver Pl,349
Degraw St & Hoyt St,40222
Degraw St & Smith St,61571
DeKalb Ave & Franklin Ave,37842
DeKalb Ave & Hudson Ave,159896
DeKalb Ave & S Portland Ave,123034
DeKalb Ave & Skillman St,33402
DeKalb Ave & Vanderbilt Ave,133807
Delancey St & Eldridge St,44025
Devoe St & Leonard St,8694
Devoe St & Lorimer St,76801
Devoe St & Morgan Ave,15021
Ditmars Ave & 43 St,1737
Ditmars Blvd & 19 St,35198
Ditmars Blvd & 43 St,2961
Ditmars Blvd & 48 St,1795
Ditmars Blvd & 73 St,1259
Ditmars Blvd & 76 St,1414
Ditmars Blvd & 79 St,2319
Division Av & Hooper St,9784
Division Ave & Hooper St,36439
Division Ave & Marcy Ave,23700
Division St & Bowery,233415
Division St & Bowery (old),2556
Dock 72 Way & Market St,24356
Dock St & Front St,14176
Douglass St & 3 Ave,67413
Douglass St & 4 Ave,61723
Driggs Ave & Lorimer St,80911
Driggs Ave & N 9 St,95684
Driggs Ave & N Henry St,96508
Duane St & Greenwich St,170090
Duane St & Hudson St,947
Duffield St & Willoughby St,122451
Dwight St & Van Dyke St,14949
Dyckman St & 10 Ave,1374
Dyckman St & Henshaw St,3833
Dyckman St & Staff St,5937
E 1 St & 1 Ave,44528
E 10 St & 2 Ave,170
E 10 St & 5 Ave,231111
E 10 St & Avenue A,501741
E 102 St & 1 Ave,105217
E 102 St & Park Ave,47888
E 103 St & Lexington Ave,60354
E 106 St & 1 Ave,45076
E 106 St & Lexington Ave,44144
E 106 St & Madison Ave,48343
E 109 St & 3 Ave,46828
E 11 St & 1 Ave,395061
E 11 St & 2 Ave,389482
E 11 St & 3 Ave,40791
E 11 St & Avenue B,132307
E 11 St & Broadway,153803
E 110 St & Madison Ave,95370
E 114 St & 1 Ave,35587
E 115 St & Lexington Ave,41688
E 115 St & Madison Ave,28882
E 116 St & 2 Ave,28792
E 118 St & 1 Ave,37741
E 118 St & 3 Ave,40806
E 118 St & Madison Ave,33607
E 118 St & Park Ave,18710
E 12 St & 3 Ave,387797
E 12 St & 4 Av,32290
E 12 St & Ave C,30420
E 12 St & Avenue B,46345
E 123 St & Lexington Ave,26701
E 128 St & 3 Ave,2379
E 128 St & Madison Ave,25068
E 13 St & 2 Ave,70588
E 13 St & Avenue A,510178
E 132 St & Madison Ave,13213
E 133 St & Cypress Pl,1056
E 134 St & Walnut Ave,1767
E 135 St & St Ann's Ave,3461
E 138 St & 5 Av,12417
E 138 St & Canal St W,4057
E 138 St & Cypress Ave,3538
E 138 St & Grand Concourse,3540
E 138 St & Willow Ave,2595
E 14 St & 1 Ave,1247
E 14 St & Avenue B,217880
E 141 St & Jackson Ave,2433
E 141 St & St Ann's Ave,4208
E 142 St & 3 Ave,4872
E 144 St & Brook Ave,2633
E 147 St & Bergen Ave,4757
E 149 St & Eagle Ave,3324
E 149 St & Jackson Ave,6222
E 149 St & Morris Ave,11437
E 149 St & Park Ave,3854
E 15 St & 3 Ave,434486
E 150 St & Gerard Ave,4766
E 153 St & E 157 St,2958
E 155 St & Courtlandt Ave,2240
E 156 & Brook Ave,5339
E 157 St & River Ave,4771
E 158 St & Melrose Ave,3113
E 16 St & 5 Ave,451460
E 16 St & Irving Pl,293614
E 160 St & Tinton Ave,1708
E 161 St & Park Ave,3991
E 161 St & River Ave,15366
E 163 St & Tiffany St,1935
E 163 St & Union Ave,2338
E 165 St & Clay Ave,2959
E 165 St & Fox St,1034
E 165 St & Jerome Ave,2251
E 167 St & Bryant Ave,1396
E 167 St & Clay Ave,2901
E 167 St & Franklin Ave,1482
E 169 St & Fox St,1201
E 169 St & Webster Ave,4299
E 17 St & Broadway,875171
E 170 St & Clay Ave,1725
E 170 St & Sheridan Ave,1568
E 170 St & Webster Ave,3594
E 170 St & Webster Ave_old,46
E 171 St & 3 Ave,2241
E 171 St & Webster Ave,2222
E 174 St & Longfellow Ave,2602
E 174 St & Walton Ave,2031
E 188 St & Creston Ave,2423
E 19 St & 3 Ave,318907
E 2 St & 2 Ave,315003
E 2 St & 2 Ave E,3336
E 2 St & Avenue A,200962
E 2 St & Avenue B,387564
E 2 St & Avenue C,254467
E 20 St & 2 Ave,437117
E 20 St & FDR Drive,351350
E 20 St & Park Ave,367184
E 201 St & Briggs Ave,730
E 23 St & 1 Ave,409786
E 24 St & Park Ave S,348781
E 25 St & 1 Ave,297821
E 25 St & 2 Ave,444471
E 27 St & 1 Ave,328972
E 27 St & Park Ave S,30875
E 3 St & 1 Ave,208285
E 3 St & Church Ave,2615
E 30 St & Park Ave S,338197
E 31 St & 3 Ave,409853
E 32 St & Park Ave,476361
E 33 St & 1 Ave,296710
E 33 St & 2 Ave,188226
E 33 St & 5 Ave,360540
E 35 St & 3 Ave,69131
E 37 St & Lexington Ave,56797
E 39 St & 2 Ave,410206
E 39 St & 3 Ave,300596
E 39 St & Lexington Ave,72075
E 4 St & 2 Ave,362469
E 4 St & Ave B,896
E 40 St & 5 Ave,203180
E 40 St & Madison Ave,6945
E 40 St & Park Ave,18177
E 41 St & 5 Ave,12077
E 41 St & Madison Ave,208135
E 41 St & Madison Ave (SE corner),7791
E 41 St & Madison Ave (SW corner),8070
E 42 St & Vanderbilt Ave,56308
E 43 St & 2 Ave,121057
E 43 St & 5 Ave,91679
E 43 St & Vanderbilt Ave,129217
E 44 St & 2 Ave,73013
E 44 St & Lexington Ave,35252
E 45 St & 3 Ave,242180
E 47 St & 1 Ave,148438
E 47 St & 2 Ave,247139
E 47 St & Park Ave,466700
E 48 St & 3 Ave,223132
E 48 St & 5 Ave,283562
E 48 St & Madison Ave,14153
E 5 St & 2 Ave,9385
E 5 St & Ave A,996
E 5 St & Avenue C,188419
E 5 St & Cooper Sq,30303
E 50 St & Park Ave,12521
E 51 St & 1 Ave,195181
E 51 St & 2 Ave,75489
E 51 St & Lexington Ave,213973
E 52 St & 2 Ave,152595
E 53 St & 3 Ave,97665
E 53 St & Lexington Ave,158434
E 53 St & Madison Ave,236728
E 54 St & 1 Ave,29416
E 55 St & 2 Ave,216410
E 55 St & 3 Ave,121580
E 55 St & Lexington Ave,109578
E 56 St & 3 Ave,108890
E 56 St & Madison Ave,113188
E 58 St &  1 Ave (NW Corner),63083
E 58 St & 1 Ave,60912
E 58 St & 1 Ave (NE Corner),43621
E 58 St & 1 Ave (NW Corner),14687
E 58 St & 3 Ave,367246
E 58 St & Madison Ave,94391
E 59 St & Madison Ave,150892
E 59 St & Sutton Pl,32133
E 6 St & 2 Ave,94
E 6 St & Avenue B,361151
E 6 St & Avenue D,213348
E 6 St 2 Ave,7
E 60 St & York Ave,81152
E 61 St & Park Ave,10364
E 63 St & 3 Ave,49303
E 65 St & 2 Ave,100881
E 66 St & Madison Ave,61153
E 67 St & Lexington Ave,2618
E 67 St & Park Ave,83009
E 68 St & 3 Ave,84898
E 68 St & Madison Ave,59541
E 7 St & Ave B,1554
E 7 St & Ave C,1320
E 7 St & Avenue A,495416
E 71 St & 1 Ave,25366
E 71 St & 2 Ave,18652
E 72 St & Park Ave,123992
E 72 St & York Ave,244824
E 74 St & 1 Ave,161964
E 75 St & 3 Ave,119168
E 76 St & 3 Ave,23978
E 76 St & Park Ave,98168
E 77 St & 3 Ave,88210
E 77 St & Park Ave,6728
E 78 St & 2 Ave,78639
E 8 St & Caton Ave,2218
E 80 St & 2 Ave,32408
E 80 St & Park Ave,2016
E 81 St & 2 Ave,91691
E 81 St & 3 Ave,112131
E 81 St & Park Ave,57341
E 81 St & York Ave,131656
E 82 St & 2 Ave,3107
E 82 St & East End Ave,69922
E 84 St & 1 Ave,155263
E 84 St & 3 Ave,23983
E 84 St & Park Ave,137706
E 85 St & 3 Ave,231035
E 85 St & York Ave,114990
E 87 St & 3 Ave,1520
E 88 St & 1 Ave,121885
E 88 St & Park Ave,79039
E 89 St & 3 Ave,106951
E 89 St & York Ave,96777
E 9 St & 5 Ave,35005
E 9 St & Avenue C,292784
E 91 St & 2 Ave,146450
E 91 St & Park Ave,80757
E 92 St & Park Ave,2293
E 93 St & 2 Ave,63528
E 95 St & 3 Ave,42527
E 97 St & 3 Ave,36964
E 97 St & Madison Ave,114768
E 98 St & Lexington Ave,732
E 98 St & Park Ave,30594
E Burnside Ave & Ryer Ave,1605
E Fordham Rd & Webster Ave,6625
E Houston St & Columbia St,475
E Mosholu Pkwy & E 204 St,642
E Mosholu Pkwy & Van Cortlandt Ave E,1346
E Tremont Ave & E 176 St,2683
E Tremont Ave & Jerome Ave,1960
E.T. Bike-In Movie Valet Station,315
East End Ave & E 86 St,70801
Eastern Pkwy & Franklin Ave,76017
Eastern Pkwy & Washington Ave,50331
Eckford St & Engert Ave,16372
Edgecombe Ave & W 141 St,23388
Edgecombe Ave & W 145 St,16372
Edgecombe Ave & W 150 St,3249
Edgecombe Ave & W 167 St,3785
Eldert St & Bushwick Ave,6372
Elizabeth St & Hester St,108798
Emerson Pl & Myrtle Ave,107847
Engert Ave & McGuinness Blvd,14324
Evergreen Ave & Noll St,15729
Expansion Tech Station,2
Expansion Warehouse 333 Johnson Ave,11
Faile St & Garrison Ave,989
Fairview Ave & Linden St,5110
FDR Drive & E 35 St,384980
Featherbed Ln & Jerome Ave,883
Featherbed Ln & Nelson Ave,2120
Flatbush Ave & Eastern Pkwy,1018
Flatbush Ave & Ocean Ave,6521
Flushing Ave & Carlton Ave,11841
Flushing Ave & Vanderbilt Ave,72591
Flushing Ave & Woodward Ave,7400
Folin St & E 181 St,1241
Forest Ave & Summerfield St,10917
Forsyth St	& Grand St,924
Forsyth St & Broome St,358007
Forsyth St & Canal St,309088
Forsyth St\t& Grand St,47394
Fort Washington Ave & W 173 St,8109
Fort Washington Ave & W 183 St,10461
Franklin Ave & E 169 St,2429
Franklin Ave & Empire Blvd,47379
Franklin Ave & Myrtle Ave,49339
Franklin Ave & St Marks Ave,47396
Franklin St & Dupont St,97980
Franklin St & W Broadway,219359
Frederick Douglass Blvd & Harlem River Dr,3841
Frederick Douglass Blvd & W 112 St,107188
Frederick Douglass Blvd & W 115 St,62494
Frederick Douglass Blvd & W 117 St,109527
Frederick Douglass Blvd & W 129 St,32051
Frederick Douglass Blvd & W 139 St,4376
Frederick Douglass Blvd & W 145 St,10786
Freeman St & Reverend James A Polite Ave,1824
Freeman St & Southern Blvd,2345
Front St & Gold St,86078
Front St & Jay St,48673
Front St & Maiden Ln,168165
Front St & Washington St,226323
Frost St & Debevoise Ave,6893
Frost St & Meeker Ave,24677
Frost St & Meeker St,17974
Ft. Hamilton Pkwy & E 2 St,3421
Ft. Hamilton Pkwy & E 5 St,4243
Ft. Washington Ave & W 190 St,2180
Fulton Ave & E 168 St,1433
Fulton Ave & E 172 St,1328
Fulton Ave & St. Paul's Pl,2221
Fulton St & Adams St,140806
Fulton St & Broadway,245614
Fulton St & Clermont Ave,67987
Fulton St & Grand Ave,53396
Fulton St & Irving Pl,30593
Fulton St & Pearl St,38099
Fulton St & Rockwell Pl,71824
Fulton St & Utica Ave,56509
Fulton St & Washington Ave,33626
Fulton St & Waverly Ave,90460
Fulton St & William St,201600
Gallatin Pl & Livingston St,10672
Gansevoort St & Hudson St,181836
Garfield Pl & 8 Ave,60683
Garrison Ave & Manida St,661
George St & Wilson Ave,17210
Gerard Ave & E 146 St,3609
Gerard Ave & E 164 St,2071
Gerard Ave & E 165 St,2243
Gerard Ave & McClellan St,2397
Goble Pl & Macombs Rd,3381
Gold St & Frankfort St,18083
Goulden Ave & Bedford Park Blvd W,500
Goulden Ave & W 197 St,1866
Goulden Ave & W 205 St,987
GOW Tech Shop,19
Gowanus Tech Station,7
Graham Ave & Conselyea St,134602
Graham Ave & Grand St,85786
Graham Ave & Herbert St,40177
Graham Ave & Withers St,62704
Grand Army Plaza & Central Park S,544295
Grand Army Plaza & Plaza St West,153120
Grand Ave & Bergen St,52083
Grand Ave & W 181 St,868
Grand Ave & W Fordham Rd,1590
Grand Concourse & E 144  St,121
Grand Concourse & E 144 St,7130
Grand Concourse & E 156 St,2120
Grand Concourse & E 161 St,7574
Grand Concourse & E 164 St,4663
Grand Concourse & E 166 St,3595
Grand Concourse & E 167 St,5817
Grand Concourse & E 171 St,3927
Grand Concourse & E 175 St,698
Grand Concourse & E 192 St,1837
Grand Concourse & E 196 St,1360
Grand Concourse & E 197 St,1547
Grand Concourse & E 199 St,1429
Grand Concourse & E 203 St,923
Grand Concourse & E 205 St,909
Grand Concourse & E Mosholu Pkwy S,709
Grand Concourse & East Mount Eden Ave,4685
Grand St & Elizabeth St,388585
Grand St & Greene St,231390
Grand St & Havemeyer St,141890
Grand St & Samuel Dickstein Plaza,20745
Grant Ave & E 164 St,1752
Grant Ave & E 169 St,2044
Great Jones St,490442
Green St & McGuinness Blvd,8132
Greene Av & Myrtle Av,18745
Greene Ave & Grandview Ave,6643
Greene Ave & Nostrand Ave,51821
Greene Ave & Throop Ave,47252
Greene St & Prince St,207
Greenpoint Ave & Manhattan Ave,115321
Greenwich Ave & 8 Ave,533911
Greenwich Ave & Charles St,349739
Greenwich St & Hubert St,68133
Greenwich St & N Moore St,106446
Greenwich St & North Moore St,13384
Greenwich St & Perry St,25452
Greenwich St & Rector St,22
Greenwich St & W Houston St,327523
Greenwich St & Warren St,161697
Greenwood Ave & E 4 St,2309
Grove St & Broadway,23953
Halsey St & Broadway,15155
Halsey St & Evergreen Ave,5391
Halsey St & Tompkins Ave,54837
Hamilton Pl & W 138 St,6818
Hamilton Pl & W 140 St,7801
Hancock St & Bedford Ave,59711
Hancock St & Wyckoff Ave,4947
Handlebar @ Gowanus,12
Hanover Pl & Livingston St,5668
Hanson Pl & Ashland Pl,204279
Hanson Pl & St Felix St,22008
Harlem River Dr & W 155 St,4118
Harman St & Seneca Ave,6753
Harrison Pl & Porter Ave,7505
Harrison St & Hudson St,143345
Hart St & Wyckoff Ave,10080
Hazen St & 20 Ave,1626
Henry St & Atlantic Ave,148645
Henry St & Bay St,12245
Henry St & Degraw St,78376
Henry St & Grand St,260731
Henry St & Middagh St,34949
Henry St & Poplar St,46482
Henry St & Remsen St,8890
Henry St & W 9 St,11436
Henry St & W 9 St (OLD),94
Henry St & W 9 St [old],163
Hicks St & Montague St,150599
Hoe Ave & Jennings St,1326
Home St & Westchester Ave,2610
Hope St & Union Ave,115458
Howard St & Centre St,302485
Howard St & Lafayette St,17322
Hoyt St & Warren St,18254
Hs Don't Use,34
Hudson St & N Moore St,170
Hudson St & Reade St,228086
Hudson St & W 13 St,45835
Humboldt St & Varet St,42630
Hunts Point Ave & Bryant Ave,1873
Huron St & Franklin St,107789
Icahn Stadium,8169
India St & East River,5273
India St & Manhattan Ave,103502
India St & West St,40635
India St Pier,16060
"Industry City, Building 1 Basement",403
Intervale Ave & Kelly St,1394
Intervale Ave & Westchester Ave,2763
Inwood Ave & W 170 St,1736
Irving Ave & DeKalb Ave,17002
Irving Ave & Halsey St,9163
Irving Ave & Harman St,15207
Irving Ave & Jefferson St,21019
Irving Ave & Palmetto St,9286
Isham St & Broadway,3840
Jackson Ave & 46 Rd,46613
Jackson St & Leonard St,24812
Jay St & Tech Pl,156475
Jay St & York St,116502
Jefferson Ave & Evergreen Ave,8848
Jefferson St & Cypress Ave,12525
Jerome Ave & Anderson Ave,2159
Jerome Ave & Bedford Park Blvd E,1506
Jerome Ave & E 164 St,2043
Jerome Ave & E 181 St,1536
Jerome Ave & E 198 St,415
Jerome Ave & E Mosholu Parkway S,2468
Jerome Ave & Ogden Ave,2512
Jerome Ave & W 177 St,1216
Jerome Ave & W 184 St,579
Jerome Ave & W 193 St,2370
Jerome Ave & W 195 St,1605
Jerome Ave & W Fordham Rd,2237
John St & William St,178537
Johnson St & Gold St,115782
Joralemon St & Adams St,28358
JSQ Don't Use,8
Kane St & Clinton St,66259
Kent Ave & N 7 St,285656
Kent Ave & S 11 St,143671
Kent St & McGuinness Blvd,10804
KentAve&N7 St,1433
King St & Varick St,26254
Kingsland Ave & Nassau Ave,31905
Kingston Ave & Herkimer St,50382
Kiosk in a box Deployment,7
Kiosk in a box Motivate,220
Knickerbocker Ave & Cooper St,7571
Knickerbocker Ave & George St,20247
Knickerbocker Ave & Halsey St,8054
Knickerbocker Ave & Hancock St,8636
Knickerbocker Ave & Thames St,19855
Kosciuszko St & Nostrand Ave,47432
Kosciuszko St & Tompkins Ave,54837
Lab - NYC,4
Lafayette Ave & Classon Ave,100522
Lafayette Ave & Fort Greene Pl,129257
Lafayette Ave & Ft Greene Pl,7949
Lafayette Ave & Hunts Point Ave,2047
Lafayette Ave & St James Pl,111895
Lafayette St & E 8 St,676112
Lafayette St & Jersey St,463936
Lafayette St & Jersey St N,4249
Lafayette St & Jersey St S,5192
LaGuardia Pl & W 3 St,400004
Laight St & Hudson St,91789
Lawrence St & Willoughby St,202203
Lefferts Pl & Franklin Ave,75860
Lenox Ave & W 111 St,132235
Lenox Ave & W 115 St,49565
Lenox Ave & W 117 St,71005
Lenox Ave & W 126 St,90052
Lenox Ave & W 130 St,57042
Lenox Ave & W 133 St,16640
Lenox Ave & W 140 St,9726
Lenox Ave & W 144 St,12849
Lenox Ave & W 146 St,5981
Leonard St & Bayard St,7600
Leonard St & Boerum St,38712
Leonard St & Church St,196232
Leonard St & Grand St,10083
Leonard St & Manhattan Ave,4586
Leonard St & Maujer St,60998
Leonard St & Meeker Ave,2811
Leonard St & Nassau Ave,69205
Lewis Ave & Decatur St,36146
Lewis Ave & Kosciuszko St,45606
Lewis Ave & Madison St,62625
Lexington Ave & Classon Ave,81955
Lexington Ave & E 111 St,48965
Lexington Ave & E 120 St,25953
Lexington Ave & E 127 St,17310
Lexington Ave & E 128 St,7614
Lexington Ave & E 24 St,341864
Lexington Ave & E 26 St,233986
Lexington Ave & E 29 St,278563
Lexington Ave & E 36 St,102666
Lexington Ave & E 63 St,84646
Liberty St & Broadway,261228
Liberty St & Nassau St,27279
Lincoln Ave & E 134 St,4855
Lincoln Ave & E 138 St,9798
Lincoln Pl & Classon Ave,24061
Linden St & Knickerbocker Ave,5397
Lispenard St & Broadway,284260
Little West St & 1 Pl,385331
Longfellow Ave & E 165 St,701
Longwood Ave & Southern Blvd,3366
Lorimer St & Broadway,30345
Lorimer St & Calyer St,19706
Loring Pl North & W 183 St,1008
Louis Nine Blvd & Intervale Ave,1708
LPI Facility,2
MacDougal St & Prince St,462337
MacDougal St & Washington Sq,296073
Macombs Pl & W 152 St,6960
Macombs Rd & Featherbed Ln,595
Macombs Rd & W 175 St,1484
Macon St & Nostrand Ave,102424
Madison Av & E 51 St,38335
Madison Ave & E 120 St,29687
Madison Ave & E 26 St,50274
Madison Ave & E 82 St,116218
Madison Ave & E 99 St,75006
Madison St & Clinton St,157249
Madison St & Cypress Ave,6098
Madison St & Evergreen Ave,6981
Madison St & Forest Ave,9898
Madison St & Montgomery St,143373
Madison St & Seneca Ave,6294
Madison St & Woodward Ave,7539
Maiden Ln & Pearl St,188520
Manhattan Av & Leonard St,13786
Marcus Garvey Blvd & Macon St,39367
Marcus Garvey Blvd & Macon St   ,391
Marcy Ave & Lafayette Ave,43227
Marcy Ave & MacDonough St,915
Margaret Corbin Plz & Ft Washington Ave,2527
Marion Ave & Mosholu Pkwy,2169
Market St & Cherry St,135475
Market St & Henry St,25415
McDonald Ave & Vanderbilt St,1387
McGuinness Blvd & Eagle St,101795
McKibbin St & Bogart St,27246
McKibbin St & Manhattan Ave,39429
Melrose Ave & E 150 St,13117
Melrose Ave & E 154 St,3061
Melrose St & Broadway,23062
Menahan St & Central Ave,8221
Menahan St & Onderdonk Ave,5511
Menahan St & Seneca Ave,5853
Menahan St & Wyckoff Ave,7510
Mercer St & Bleecker St,386485
Mercer St & Bleecker St S,75
Mercer St & Spring St,298242
Meserole Ave & Manhattan Ave,122378
Metropolitan Ave & Bedford Ave,299401
Metropolitan Ave & Meeker Ave,109407
Metropolitan Ave & Stewart Ave,4260
Metropolitan Ave & Vandervoort Ave,3103
Milton St & Franklin St,186717
Mobile 01,1039
Moffat St & Bushwick,5218
Monroe St & Bedford Ave,88964
Monroe St & Classon Ave,58738
Monroe St & Tompkins Ave,57252
Montague St & Clinton St,61223
Montgomery St & Franklin Ave,11691
Montgomery St & Franklin Ave OLD,269
Montrose Ave & Bushwick Ave,86659
Morgan Ave & Lombardy St,14824
Morgan Ave & Maspeth Ave,9364
Morgan Bike Mechanics,1
Morgan WH station,24
Morningside Ave & W 123 St,41795
Morningside Dr & Amsterdam Ave,18294
Morris Ave & E 142 St,4648
Morris Ave & E 153 St,4641
Morris Ave & E 163 St,4462
Morris Ave & E 171 St,602
Morris Ave & E 184 St,744
Morris Ave & E Burnside Ave,1439
Morris Ave & McClellan St,4200
Morton St & Washington St,24172
Motorgate,32419
Mott St & Prince St,428140
Mount Eden Pkwy & Eastburn Ave,1616
Mt Morris Park W & W 120 St,46716
MTL-AOS-5.1,3
MTL-ECO51-1,1
Murray St & Greenwich St,180876
Murray St & West St,248421
Myrtle Ave & Fleet Pl,13235
Myrtle Ave & Grove St,5882
Myrtle Ave & Lewis Ave,67879
Myrtle Ave & Linden St,8757
Myrtle Ave & Marcy Ave,45753
Myrtle Ave & St Edwards St,62355
N 11 St & Kent Ave,45635
N 11 St & Wythe Ave,28039
N 12 St & Bedford Ave,116950
N 15 St & Wythe Ave,49080
N 6 St & Bedford Ave,249942
N 8 St & Driggs Ave,95789
N Henry St & Richardson St,5025
Nagle Ave & Ellwood St,2850
Nagle Ave & Thayer St,4098
Nassau Ave & Newell St,82392
Nassau Ave & Russell St,114068
Nassau St	& Duffield St,59
Nassau St & Navy St,72210
Nassau St\t& Duffield St,6067
Nelson Ave & 167 St,1381
Nelson Ave & W 172 St,2901
Nevins St & Schermerhorn St,2936
Newton Rd & 44 St,21936
Newtown Ave & 23 St,33537
Norfolk St & Broome St,305237
Norman Ave & Leonard St,16598
Norman Ave & Leonard St - 2,3581
Norman St & Wyckoff Ave,10321
North Moore St & Greenwich St,205143
Nostrand Ave & Myrtle Ave,32523
NULL,2677
NYCBS DEPOT - DELANCEY,15
NYCBS Depot - FAR,17
NYCBS Depot - GOW,1498
NYCBS Depot - PIT,42
NYCBS Depot - RIS,45
NYCBS Depot - SSP,1328
NYCBS Depot - STY,323
NYCBS Depot - STY - Garage 4,508
NYCBS Depot - STY - Valet Scan,2
NYCBS Depot BAL - DYR,124
Ocean Pkwy & Church Ave,5328
Ogden Ave & Merriam Ave,1239
Ogden Ave & W 164 St,2494
Ogden Ave & W 165 St,3738
old - E 13 St & Avenue A,2529
Old Broadway & W 133 St,2362
Old Fulton St,228271
Old Slip & Front St,117788
Old Slip & South St,20940
OLD Southern Blvd & E 142 St,28
Onderdonk Ave & Dekalb Ave,5220
Onderdonk Ave & Gates Ave,5642
PABT Valet,6914
Pacific St & Bedford Ave,671
Pacific St & Classon Ave,18953
Pacific St & Nevins St,57495
Parade Pl & Crooke Ave,18947
Park Ave & E 124 St,103329
Park Ave & E 162 St,4291
Park Ave & Marcus Garvey Blvd,31186
Park Ave & St Edwards St,31606
Park Cir & East Dr,12191
Park Pl & Church St,103478
Park Pl & Franklin Ave,38332
Park Pl & Vanderbilt Ave,55241
Paul Ave & Mosholu Pkwy,638
Paul Ave & W 205 St,1021
Pearl St & Anchorage Pl,83754
Pearl St & Hanover Square,206477
Pearl St & Peck Slip,46961
Peck Slip & Front St,168116
Peck Slip & Front Street,9275
Penn Station Valet,76665
Penn Station Valet - Valet Scan,1670
Perry St & Bleecker St,262930
Perry St & Greenwich Ave,55839
Pershing Square N,56693
Pershing Square North,901880
Pershing Square S,31985
Pershing Square South,343757
Picnic Point,32544
Pier 40 - Hudson River Park,365374
Pier 40 Dock Station,2
Pierrepont St & Monroe Pl,32806
Pike St & E Broadway,215782
Pike St & Monroe St,158103
Pinehurst Ave & W 187 St,3481
Pioneer St & Richards St,14428
Pioneer St & Van Brunt St,38647
Pitt St & Stanton St,76216
Plaza Dr & W 170 St,5748
Plaza St East & Flatbush Ave,26639
Plaza St West & Flatbush Ave,108384
Pleasant Ave & E 116 St,79756
Pleasant Ave & E 120 St,29952
Popham Ave & W 174 St,1356
Powers St & Olive St,17549
President St & 4 Ave,11850
President St & Henry St,47286
Propsect Ave & E 151 St,49
Prospect Ave & E 151 St,4266
Prospect Ave & E 167 St,2677
Prospect Ave & Greenwood Ave,459
Prospect Ave & Jennings St,1003
Prospect Ave & Longwood Ave,2856
Prospect Ave & Vanderbilt St,3189
Prospect Park - 5 Year Anniversary Celebration,72
Prospect Park SW & 10 Ave,8884
Prospect Park SW & 16 St,6859
Prospect Park SW & Greenwood Ave,8095
Prospect Park SW & Vanderbilt St,6000
Prospect Park W & 20 St,4729
Prospect Park West & 8 St,82270
Prospect Pl & 6 Ave,55572
Prospect Pl & Underhill Ave,41276
Prospect Pl & Vanderbilt Ave,14146
Prototype Lab,5
Prototype Lab Motivate Headquarters,12
Pulaski St & Marcus Garvey Blvd,31292
Putnam Ave & Knickerbocker Ave,8619
Putnam Ave & Nostrand Ave,33008
Putnam Ave & Throop Ave,47102
Putnam Ave & Wyckoff Ave,8706
Queens Plaza North & Crescent St,182472
Railroad Ave & Kay Ave,9082
Reade St & Broadway,194728
Reed St & Van Brunt St,8246
Richards St & Delavan St,15432
Richardson St & N Henry St,58016
River Ave & E 151 St,9759
River Ave & E 153 St,5849
River Ave & McClellan St,3364
Riverside Blvd & W 67 St,211539
Riverside Dr & Broadway,501
Riverside Dr & W 104 St,104215
Riverside Dr & W 138 St,17745
Riverside Dr & W 145 St,16434
Riverside Dr & W 148 St,10569
Riverside Dr & W 153 St,8306
Riverside Dr & W 72 St,191720
Riverside Dr & W 78 St,119811
Riverside Dr & W 82 St,139522
Riverside Dr & W 89 St,5056
Riverside Dr & W 91 St,83568
Rivington St & Chrystie St,247867
Rivington St & Ridge St,204781
Rockaway Ave & Bainbridge St,14848
Roebling St & N 4 St,95171
Rogers Ave & Sterling St,33394
Rogers Pl & E 165 St,613
Roosevelt Island Tramway,33255
Ryer Ave & E 182 St,590
S 3 St & Bedford Ave,177860
S 4 St & Rodney St,82743
S 4 St & Wythe Ave,256292
S 5 Pl & S 4 St,125292
S 5 Pl & S 5 St,206928
S 5th St & Kent Ave (Domino Park Movie Shoot),4
S Portland Ave & Atlantic Ave,248
S Portland Ave & Hanson Pl,86488
Sands St & Gold St,3692
Sands St & Jay St,12781
Sands St & Navy St,12848
Sands St Gate,26148
Schermerhorn St & 3 Ave,9875
Schermerhorn St & Bond St,104858
Schermerhorn St & Court St,97862
Scholes St & Manhattan Ave,87230
Seaman Ave & Beak St,3467
Seaman Ave & Isham St,3279
Sedgwick Ave & Hall of Fame Tce,93
Sedgwick Ave & W Burnside Ave,1250
Sedgwick Ave & W Tremont Ave,2413
Seneca Ave & Irvine St,842
Shakespeare Ave & W 169 St,3328
Sharon St & Olive St,27834
Sheridan Ave & E 168 St,2160
Sheridan Ave & E 172 St,1355
Sherman Ave & E 166 St,2291
Sherman Ave & Thayer St,3436
Shevchenko Pl & E 6 St,19327
Shevchenko Pl & E 7 St,77000
Shore Blvd & Astoria Park,6512
Sigourney St & Columbia St,20247
Smart Cities Conference,91
Smith St & 3 St,55494
Smith St & 9 St,59644
Soissons Landing,60990
Somers St & Broadway,2291
South End Ave & Liberty St,435186
South St & Gouverneur Ln,307450
South St & Pike St,53
South St & Whitehall St,231320
Southern Blvd & Avenue St. John,2847
Southern Blvd & E 142 St,1035
Southern Blvd & E 149 St,3342
Southern Blvd & E 172 St,1945
Southern Blvd & E 174 St,2946
Southern Blvd & E 175 St,3317
Southern Blvd & Tiffany St,1796
Southpoint Park,13528
Spring St & Hudson St,38689
Spruce St & Gold St,10091
Spruce St & Nassau St,157460
SSP Tech Workshop,18
St Ann's Ave & Westchester Ave,2745
St James Pl & Oliver St,183358
St James Pl & Pearl St,98320
St Johns Pl & Washington Ave,54892
St Marks Pl & 1 Ave,371985
St Marks Pl & 2 Ave,438103
St Marks Pl & 4 Ave,8885
St Mary's St & Jackson Ave,4347
St Nicholas Ave & E 134 St,8262
St Nicholas Ave & Manhattan Ave,84548
St Nicholas Ave & W 134 St,11219
St Nicholas Ave & W 137 St,16521
St Nicholas Ave & W 150 St,9307
St. Ann's Av & Bruckner Blvd,3556
St. Ann's Ave & E 144 St,3787
St. Nicholas Ave & W 126 St,76664
St. Nicholas Ave & W 155 St,5032
St. Nicholas Ave & W 157 St,4850
St. Nicholas Terrace & Convent Ave,5190
Stagg St & Morgan Ave,12872
Stagg St & Union Ave,104424
Stanhope St & Fairview Ave,7591
Stanton St & Chrystie St,332382
Stanton St & Mangin St,140274
Stanton St & Norfolk St,118916
State St,16331
State St & Smith St,144626
Station demo,20
Steinway St & 19 Ave,1212
Steinway St & 21 Ave,3943
Steinway St & 23 Ave,23013
Steinway St & 28 Ave,39284
Steinway St & Broadway,17753
Steinway St & Ditmars Blvd,2912
Stephen St & Seneca Ave,2059
Sterling Pl & 5 Ave,551
Sterling Pl & 7 Ave,14635
Sterling Pl & Bedford Ave,48515
Sterling St & Bedford Ave,25327
Stewart Ave & Johnson Ave,6203
Stockholm St & Wilson Ave,21152
Stuyvesant Walk & 1 Av Loop,12559
Suffolk St & Stanton St,357922
Sullivan Pl & Bedford Ave,10715
Sullivan Pl & Franklin Ave,22162
Sullivan St & Washington Sq,363496
Sunken Meadow Comfort Station,6689
Suydam St & Broadway,20580
Suydam St & Knickerbocker Ave,32044
Suydam St & St. Nicholas Ave,5844
Thompson St & Bleecker St,54287
Throop Ave & Myrtle Ave,26968
Tiebout Ave & E 184 St,932
Tiebout Ave & E Fordham Road,3112
Tinton Ave & E 165 St,2719
Tompkins Ave & Hopkins St,36629
Townsend Ave & E 175 St,1264
Underhill Ave & Lincoln Pl,57728
Underhill Ave & Pacific St,46936
Union Ave & E 169 St,1617
Union Ave & Jackson St,55331
Union Ave & N 12 St,132455
Union Ave & Wallabout St,33675
Union St & 4 Ave,75145
Union St & Bedford Ave,23450
Union St & Nevins St,48394
University Ave & Brandt Pl,1698
University Ave & Macombs Rd,1558
University Ave & W 168 St,1346
University Ave & W Burnside Ave,844
University Pl & E 14 St,610208
University Pl & E 8 St,277640
Valentine Ave & E 183 St,979
Van Brunt St & Van Dyke St,36577
Van Brunt St & Wolcott St,40511
Van Buren St & Broadway,10698
Van Dyke St & Van Brunt St,2954
Van Sinderen Ave & Truxton St,9731
Vernon Blvd & 10 St,33079
Vernon Blvd & 30 Rd,32766
Vernon Blvd & 31 Ave,28497
Vernon Blvd & 41 Rd,25814
Vernon Blvd & 47 Rd,42579
Vernon Blvd & 50 Ave,146752
Verona Pl & Fulton St,43024
Vesey Pl & River Terrace,520955
Vesey St & Church St,16889
W 10 St & Washington St,29613
W 100 St & Broadway,144161
W 100 St & Manhattan Ave,106108
W 104 St & Amsterdam Ave,65978
W 104 St & Amsterdam Ave - 1,4665
W 106 St & Amsterdam Ave,83225
W 106 St & Central Park West,129816
W 107 St & Columbus Ave,57300
W 11 St & 6 Ave,267718
W 110 St & Amsterdam Ave,79571
W 113 St & Broadway,66717
W 116 St & Amsterdam Ave,61424
W 116 St & Broadway,61988
W 12 St & Hudson St,669
W 12 St & W 4 St,35700
W 120 St & Claremont Ave,41465
W 129 St & Convent Ave,21183
W 13 St & 5 Ave,285046
W 13 St & 5 Ave -moved to 5947.04,1635
W 13 St & 6 Ave,241731
W 13 St & 7 Ave,320728
W 13 St & Hudson St,136119
W 133 St & 12 Ave,14549
W 135 St & Lenox Terrace Pl,16161
W 14 St & The High Line,113715
W 140 St & Riverside Dr,4711
W 144 St & Adam Clayton Powell Blvd,10678
W 145 St & Amsterdam Ave,12646
W 146 St & Broadway,14480
W 147 St & Adam Clayton Powell Blvd,9727
W 148 St & Amsterdam Ave,9654
W 15 St & 10 Ave,163326
W 15 St & 6 Ave,150357
W 15 St & 7 Ave,448858
W 155 St & Frederick Douglass Blvd,6360
W 159 St & Edgecombe Ave,2064
W 16 St & 8 Ave,95901
W 16 St & The High Line,362113
W 160 St & St. Nicholas Ave,6454
W 163 St & Edgecombe Ave,2679
W 163 St & Riverside Dr,4145
W 165 St & Fort Washington Ave,8562
W 167 St & St. Nicholas Ave,870
W 168th S & Fort Washington Ave,4717
W 169 St & Fort Washington Ave,31612
W 17 St & 8 Ave,349288
W 17 St & 9 Ave,36654
W 170 St & University Ave,3887
W 171 St & St. Nicholas Ave,5444
W 176 St & Montgomery Ave,705
W 18 St & 6 Ave,524974
W 18 St & 9 Ave,84192
W 180 St & Ft Washington Ave,9823
W 181 St & Riverside Dr,11470
W 186 St & St. Nicholas Ave,2371
W 190 St & Broadway,2956
W 190 St & St. Nicholas Ave,3021
W 192 St & University Ave,802
W 20 St & 10 Ave,82305
W 20 St & 11 Ave,534021
W 20 St & 7 Ave,418135
W 20 St & 8 Ave,354974
W 204 St & Nagle Ave,2074
W 204 St & Vermilyea Ave,2639
W 21 St & 6 Ave,856736
W 212 St & 10 Ave,887
W 218 St & Broadway,1940
W 218 St & Indian Rd,1651
W 22 St & 10 Ave,501168
W 22 St & 8 Ave,450937
W 225 St & Exterior St,1910
W 24 St & 7 Ave,529676
W 25 St & 6 Ave,438219
W 26 St & 10 Ave,341119
W 26 St & 8 Ave,462288
W 27 St & 10 Ave,148368
W 27 St & 7 Ave,468248
W 29 St & 9 Ave,119681
W 30 St & 10 Ave,121762
W 31 St & 7 Ave,553392
W 33 St & 7 Ave,532362
W 34 St &	Hudson Blvd E,4
W 34 St & 11 Ave,340823
W 34 St &\tHudson Blvd E,400
W 35 St & 9 Ave,35768
W 35 St & Dyer Ave,95120
W 36 St & 7 Ave,28432
W 36 St & 9 Ave,79802
W 37 St & 10 Ave,342996
W 37 St & 5 Ave,282142
W 37 St & Broadway,8639
W 38 St & 8 Ave,461023
W 39 St & 9 Ave,183882
W 4 St & 7 Ave S,483191
W 40 St & 5 Ave,67049
W 41 St & 8 Ave,634573
W 42 St & 6 Ave,95079
W 42 St & 8 Ave,377387
W 42 St & Dyer Ave,245064
W 43 St & 10 Ave,386629
W 43 St & 6 Ave,202009
W 44 St & 11 Ave,55681
W 44 St & 5 Ave,310639
W 45 St & 6 Ave,211230
W 45 St & 6 Ave -,3166
W 45 St & 6 Ave (1),10
W 45 St & 6 Ave (OLD),23869
W 45 St & 8 Ave,368078
W 46 St & 11 Ave,288784
W 47 St & 10 Ave,333066
W 47 St & 6 Ave,47489
W 48 St &  Rockefeller Plaza,1583
W 48 St & Rockefeller Plaza,31044
W 49 St & 5 Ave,22281
W 49 St & 8 Ave,422807
W 50 St & 10 Ave,34170
W 50 St & 9 Ave,119552
W 51 St & 6 Ave,138054
W 51 St & Rockefeller Plaza,34023
W 52 St & 11 Ave,296045
W 52 St & 5 Ave,268138
W 52 St & 6 Ave,223743
W 52 St & 9 Ave,110844
W 53 St & 10 Ave,296967
W 54 St & 11 Ave,51138
W 54 St & 9 Ave,239156
W 55 St & 6 Ave,196223
W 56 St & 10 Ave,245162
W 56 St & 6 Ave,119202
W 59 St & 10 Ave,275372
W 59 St & West End Ave,11156
W 63 St & Broadway,297475
W 64 St & Thelonious Monk Circle,122704
W 64 St & West End Ave,57162
W 67 St & Broadway,237128
W 70 St & Amsterdam Ave,220275
W 74 St & Columbus Ave,121532
W 76 St & Columbus Ave,182903
W 78 St & Amsterdam Ave,27212
W 78 St & Broadway,86512
W 82 St & Central Park West,146930
W 84 St & Broadway,169654
W 84 St & Columbus Ave,184167
W 87 St  & Amsterdam Ave,22267
W 87 St & Amsterdam Ave,92714
W 87 St & West End Ave,59775
W 88 St & West End Ave,37889
W 89 St & Columbus Ave,146877
W 90 St & Amsterdam Ave,84803
W 92 St & Broadway,100731
W 95 St & Broadway,145070
W Broadway & Spring St,253221
W Broadway & Spring Street,92802
W Broadway & W Houston St,58369
W Burnside Ave & University Ave,1302
W Fordham Rd & Loring Pl N,1783
W Houston St & Hudson St,84753
W Mosholu Pkwy S & Sedgwick Ave,1796
W Tremont Ave & Grand Ave,1143
W Tremont Ave & Montgomery Ave,1469
Wadsworth Ave & W 175 St,5560
Wadsworth Ave & W 179 St,9898
Wales Ave & E 147 St,2357
Wall St & South St,43052
Walnut Ave & E 136 St,1754
Walton Ave & E 153 St,2230
Walton Ave & E 168 St,3497
Walton Ave & E 171 St,3165
Walton Ave & E 183 St,1364
Wards Meadow Comfort Station,16946
Warren St & Church St,101669
Warren St & Court St,62396
Warren St & Smith St,12656
Warren St & W Broadway,27460
Washington Ave & E 163 St,4608
Washington Ave & E 167 St,2463
Washington Ave & E 174 St,1559
Washington Ave & Greene Ave,77767
Washington Ave & Park Ave,107678
Washington Park,98273
Washington Pl & 6 Ave,271967
Washington Pl & Broadway,331646
Washington Square E,91142
Washington St & Barrow St,26130
Washington St & Gansevoort St,422668
Washington St & Laight St,90
Water - Whitehall Plaza,129985
Water St & Gouverneur Ln,4800
Water St & Main St,6483
Waterbury St & Stagg St,16606
Waterloo Pl & Crotona Park East,1621
Watts St & Greenwich St,271645
Webb Ave & W 190 St,524
Webster Ave & E 166 St,1213
Webster Ave & Ford St,1889
Weeks Ave & E 175 St,1096
West Broadway & Watts St,223
West Drive & Prospect Park West,181957
West End Ave & W 107 St,79571
West End Ave & W 60 St,85791
West End Ave & W 78 St,27239
West End Ave & W 94 St,99598
West Farms Rd & Boone Ave,1198
West St & Chambers St,797209
West St & Liberty St,160309
West Thames St,328557
Westchester Ave & E 156 St,2599
Westchester Ave & Jackson Ave,6032
Westchester Ave & Longwood Ave,3843
Westchester Ave & Southern Blvd,4030
White St & Johnson Ave,6043
White St & Moore St,20492
Wilkins Ave & Crotona Park E,1529
William St & Pine St,198930
Willis Ave & Bruckner Blvd,6633
Willis Ave & E 137 St,9180
Willis Ave & E 141 St,6612
Willis Ave & E 143 St,3943
Willoughby Ave & Hall St,120147
Willoughby Ave & Myrtle Ave,24156
Willoughby Ave & Onderdonk Ave,5365
Willoughby Ave & Tompkins Ave,45478
Willoughby Ave & Walworth St,60557
Willoughby Ave & Wyckoff Ave,18957
Willoughby St & Ashland Pl,11900
Willoughby St & Fleet St,152668
Willow Ave & E 133 St,6464
Wilson Ave & Moffat St,7219
Wilson Ave & Troutman St,16438
Windsor Pl & 8 Ave,6725
Windsor Pl & Howard Pl,7273
Withers St & Kingsland Ave,12293
Wolcott St & Dwight St,12507
Woodward Ave & Harman St,5791
WS Don't Use,30
Wyckoff Av & Jefferson St,24267
Wyckoff Av & Stanhope St,21240
Wyckoff Ave & Gates Ave,11057
Wyckoff St & 3 Ave,29081
Wyckoff St & Bond St,3800
Wyckoff St & Nevins St,18279
Wythe Ave & Metropolitan Ave,268016
Yankee Ferry Terminal,55118
York St & Jay St,106451
